Workbook

Sheet 안내
B1: 누보 포장지 발주관리 시스템 — 기능검수 테스트 체크리스트
B2: 내부 사용성 테스트용 · 접속 주소 https://nousbo-packaging.onrender.com
B4: 이 문서를 쓰는 방법
B5: 1. [테스트계정] 시트에서 본인 계정을 확인하고 로그인합니다.
B6: 2. 본인 역할 시트(공통 → 요청자 / 브랜드기획팀 / 디자인팀 / 연구소 / 관리자)를 위에서부터 순서대로 수행합니다.
B7: 3. [공통] 시트는 모든 역할이 공통으로 확인합니다. 본인 역할 시트를 하기 전에 먼저 해주세요.
B8: 4. 각 행의 [수행 절차]를 그대로 따라 하고, [기대 결과]와 같은지 확인합니다.
B9: 5. 노란색 칸(결과 · 실제 현상 · 확인일)에 기입합니다. [결과]는 목록에서 고르면 됩니다.
B10: 6. 기대와 다르면 [결함기록] 시트에 어떻게 하면 다시 나타나는지까지 적어주세요.
B12: 결과 판정 기준
B13: 정상 — 기대 결과와 같음
B14: 실패 — 기대와 다르게 동작하거나 오류가 남 (반드시 [결함기록]에도 남겨주세요)
... B25: 요청 등록 · 1차 검토 · 디자인 수정 · 최종 검수 · 전달 완료의 전 과정과, 자료 첨부·공유, 알림, 이력 추적, 일괄 업로드/다운로드, AI 비서, 화면 사용성(정렬·확대·모바일)을 포함합니다.

Sheet 테스트계정
A1: 역할 | B1: 담당자 | C1: 소속 | D1: 계정(아이디) | E1: 비밀번호 | F1: 이 시트를 수행
A2: 요청자 | B2: 이정인 매니저 | C2: 울산공장 | D2: haon | E2: 1234 | F2: 공통 → 요청자
A3: 1차 검토·관리 창구 | B3: 박현경 팀장 | C3: 브랜드기획팀 | D3: isis9 | E3: 1234 | F3: 공통 → 브랜드기획팀
A4: 1차 검토 대체자 | B4: 김신덕 본부장 | C4: 브랜드기획팀 | D4: shindeok_kim | E4: 1234 | F4: 공통 → 브랜드기획팀(부재중 항목)
A5: 디자인 수정 | B5: 최효진 차장 | C5: 디자인팀 | D5: guychj | E5: 1234 | F5: 공통 → 디자인팀
A6: 최종 검수 | B6: 조현종 소장 | C6: 연구소 | D6: hjcho | E6: 1234 | F6: 공통 → 연구소
A7: 관리자 | B7: 허동혁 매니저 | C7: - | D7: nousbo | E7: 1234 | F7: 공통 → 관리자
A9: ※ 비밀번호는 테스트용입니다. 실제 운영 전환 시 각자 변경해주세요. 아이디·비밀번호는 대소문자를 구분합니다.

Sheet 공통
A1: No | B1: 화면 / 구분 | C1: 테스트 항목 | D1: 사전 조건 | E1: 수행 절차 | F1: 기대 결과 | G1: 결과 | H1: 실제 현상 · 의견 | I1: 확인일
A2: 1 | B2: 로그인 | C2: 정상 로그인 | D2: 본인 계정 아이디를 안다 | E2: 접속 주소로 들어가 아이디와 비밀번호(1234)를 입력하고 [로그인] | F2: 대시보드로 이동하고, 상단에 본인 이름과 역할이 표시된다
A3: 2 | B3: 로그인 | C3: 잘못된 비밀번호 | D3: - | E3: 비밀번호를 틀리게 입력하고 [로그인] | F3: 로그인되지 않고 오류 안내가 뜬다 (어떤 계정인지는 알려주지 않음)
A4: 3 | B4: 로그인 | C4: 로그아웃 | D4: 로그인 상태 | E4: 상단 우측 [로그아웃] 클릭 | F4: 로그인 화면으로 돌아가고, 뒤로가기로 내부 화면에 다시 들어가지지 않는다
A5: 4 | B5: 상단 메뉴 | C5: 메뉴 구성 확인 | D5: 로그인 상태 | E5: 상단 메뉴 항목을 확인 | F5: 대시보드 · 완료·취소 이력 · 품목·파일 · 일괄 업로드/다운로드 · AI 비서 · 알림함이 보인다
A6: 5 | B6: 대시보드 | C6: 진행 흐름 6단계 | D6: 진행중인 건이 1건 이상 | E6: 목록의 [진행 흐름] 열을 확인하고, 단계 점 위에 마우스를 올려본다 | F6: 요청접수→내부확인→디자인수정→최종검수→전달대기→완료가 보이고, 마우스를 올리면 그 단계 담당자가 뜬다
A7: 6 | B7: 대시보드 | C7: 지금 누구 차례인지 표시 | D7: 진행중인 건이 1건 이상 | E7: 진행 흐름 아래 문구를 확인 | F7: "▸ ○○ 처리 대기"로 현재 담당 부서가 표시된다
A8: 7 | B8: 대시보드 | C8: 상태 색 막대 | D8: 진행중인 건이 1건 이상 | E8: [상태] 열의 색 막대에 마우스를 올린다 | F8: 상태명(예: 1차검토중)이 툴팁으로 뜬다. 단계별로 색이 다르다
A9: 8 | B9: 대시보드 | C9: 처리 버튼 없음 확인 | D9: 진행중인 건이 1건 이상 | E9: 목록 행에 처리(반려·취소) 버튼이 있는지 확인 | F9: 목록에는 처리 버튼이 없다 (모든 처리는 상세 페이지에서 — 의도된 동작)
A10: 9 | B10: 요청 상세 | C10: 요청사항 강조 표시 | D10: 요청사항이 입력된 건 | E10: 요청번호를 눌러 상세 페이지로 이동 | F10: 제목 아래에 [요청사항] 블록이 굵고 크게, 왼쪽 초록 선과 함께 표시된다
A11: 10 | B11: 요청 상세 | C11: 이력 타임라인 | D11: 처리가 1회 이상 진행된 건 | E11: 상세 페이지 오른쪽 [이력] 패널을 확인 | F11: 등록부터 현재까지 누가·언제·무엇을 했는지 시간순으로 남아 있고, 패널 아래 끝이 왼쪽 영역과 나란히 맞는다
A12: 11 | B12: 요청 상세 | C12: 미리보기 확대(팝업) | D12: 이미지가 있는 건 | E12: 미리보기 이미지를 클릭 → [+]/[−]·마우스 휠로 확대·축소 → 확대 상태에서 드래그 → [원래대로] → Esc | F12: 새 탭이 열리지 않고 화면 안에서 팝업으로 크게 열린다. 확대·이동·초기화·닫기가 모두 동작한다
A13: 12 | B13: 이력 검색 | C13: 완료·취소 이력 검색 | D13: 완료 또는 취소된 건이 있다 | E13: [완료·취소 이력] 메뉴 → 요청번호/품목명/품목코드로 검색, 상태 필터 적용 | F13: 검색어와 상태에 맞는 건만 표시된다
... A21: 20 | B21: 가이드 | C21: 사용 매뉴얼 | D21: - | E21: 로그인 화면 하단 또는 /guide/ 접속 | F21: 역할별 사용법이 최신 화면과 일치한다
B23: ※ 모든 역할이 공통으로 확인하는 항목입니다. 본인 역할 시트를 수행하기 전에 먼저 진행해주세요.

Sheet 요청자
A1: No | B1: 화면 / 구분 | C1: 테스트 항목 | D1: 사전 조건 | E1: 수행 절차 | F1: 기대 결과 | G1: 결과 | H1: 실제 현상 · 의견 | I1: 확인일
A2: 1 | B2: 대시보드 | C2: 내 건만 보이는지 | D2: 다른 사람이 등록한 건도 존재 | E2: 대시보드 목록을 확인 | F2: 내가 등록한 건만 보인다 (타인 건은 보이지 않음)
A3: 2 | B3: 대시보드 | C3: 진행중인 건만 표시 | D3: 완료·취소된 내 건이 있다 | E3: 대시보드 목록과 [완료·취소 이력]을 비교 | F3: 대시보드에는 진행중인 건만, 완료·취소 건은 이력 페이지에서 검색된다
A4: 3 | B4: 발주요청 | C4: 품목 검색 후 등록 | D4: 진행중인 건이 없는 품목이 있다 | E4: [+ 발주요청 등록] → 검색창에 품목명 일부 입력 → 품목 선택 → 사유 선택 → 요청사항 입력 → [요청 등록] | F4: 등록되고 상세 페이지로 이동한다. 요청번호가 자동 채번된다
A5: 4 | B5: 발주요청 | C5: 요청사항 필수 확인 | D5: - | E5: 요청사항을 비운 채 [요청 등록] | F5: 등록되지 않고 입력하라는 안내가 뜬다
A6: 5 | B6: 발주요청 | C6: 요청사항 자료 첨부 | D6: 첨부할 파일 준비(PDF·이미지 등) | E6: 등록 화면에서 [요청사항 자료]에 파일을 선택하고 등록 | F6: 등록 후 이력에 첨부 표시가 남고, 다운로드 링크가 생긴다
A7: 6 | B7: 발주요청 | C7: 첨부 없이 등록 | D7: - | E7: [요청사항 자료]를 비운 채 등록 | F7: 첨부는 선택이므로 정상 등록된다
A8: 7 | B8: 발주요청 | C8: 중복 등록 방지 | D8: 이미 진행중인 건이 있는 품목 | E8: 같은 품목으로 다시 [요청 등록] | F8: 새로 만들어지지 않고 기존 건으로 이동하며 안내 메시지가 뜬다
A9: 8 | B9: 요청 상세 | C9: 진행 상황 확인 | D9: 등록한 건이 있다 | E9: 요청번호 클릭 → 현재 파일 · 처리 영역 · 이력 확인 | F9: 지금 누구 차례인지(대기 배너)와 현재 연결된 파일이 보인다
A10: 9 | B10: 요청 취소 | C10: 사유 미입력 차단 | D10: 완료 전 상태의 내 건 | E10: 상세 페이지 하단 [요청 취소] 펼치기 → 사유를 비운 채 제출 | F10: 취소되지 않고 사유를 입력하라는 표시가 뜬다
A11: 10 | B11: 요청 취소 | C11: 사유 입력 후 취소 | D11: 완료 전 상태의 내 건 | E11: [요청 취소] → 사유 입력 → 제출 | F11: 상태가 취소됨으로 바뀌고, 이력에 사유가 남으며 담당자들에게 알림이 간다
A12: 11 | B12: 완료 처리 | C12: 최종 파일 수령 | D12: 완료 상태의 내 건 | E12: 상세 페이지 [현재 파일]에서 AI·JPG 다운로드 | F12: [최종 승인본] 배지가 붙어 있고, 파일이 정상 다운로드된다
A13: 12 | B13: 권한 | C13: 처리 버튼 미노출 | D13: 진행중인 내 건 | E13: 상세 페이지 처리 영역 확인 | F13: 검수요청·승인·반려 같은 다른 역할의 버튼은 보이지 않는다 (요청 취소만 가능)
B15: ※ 울산공장 이정인 매니저(haon) 계정으로 수행합니다.

Sheet 브랜드기획팀
A1: No | B1: 화면 / 구분 | C1: 테스트 항목 | D1: 사전 조건 | E1: 수행 절차 | F1: 기대 결과 | G1: 결과 | H1: 실제 현상 · 의견 | I1: 확인일
A2: 1 | B2: 대시보드 | C2: 두 목록 확인 | D2: 진행중인 건이 있다 | E2: 대시보드 상단(내가 처리할 건)과 하단(전체 진행중 현황)을 확인 | F2: 내 차례 건과 회사 전체 진행중 건이 각각 표로 보인다
A3: 2 | B3: 대시보드 | C3: 대기 경과 표시 | D3: 3일 넘게 멈춘 건이 있으면 | E3: [대기 경과] 열 확인 | F3: 경과 시간이 표시되고, 3일 넘은 건은 붉은색과 ⚠로 강조된다
A4: 3 | B4: 1차검토 | C4: 처리 영역 구성 | D4: 1차검토중 건 | E4: 상세 페이지 [처리] 영역 확인 | F4: "내 차례" 배너와 함께 카드가 나뉘어 있고, 정상 절차(연구소 최종검수 요청)만 초록 테두리로 강조된다
A5: 4 | B5: 1차검토 | C5: 최종 검수요청(연구소) | D5: 1차검토중 건, 파일 있음 | E5: [최종 검수요청(연구소)] 클릭 | F5: 상태가 최종검수중으로 바뀌고 연구소에 알림이 간다
A6: 5 | B6: 1차검토 | C6: 디자인 수정요청 | D6: 1차검토중 건 | E6: 수정 지시사항 입력 → [디자인 수정요청] 클릭 | F6: 상태가 디자인수정중으로 바뀌고 디자인팀에 알림이 간다
A7: 6 | B7: 1차검토 | C7: 참고 파일 첨부 | D7: 1차검토중 건, 첨부 파일 준비 | E7: 디자인 수정요청 카드에서 [참고 파일] 선택 후 제출 | F7: 이력에 첨부가 남고 디자인팀이 다운로드할 수 있다
A8: 7 | B8: 1차검토 | C8: 3개월 예외 체크박스 | D8: 최근 3개월 내 승인된 파일이 연결된 건 | E8: 최종 검수요청 카드에 체크박스가 있는지 확인 후 체크하고 제출 | F8: 조건을 만족할 때만 체크박스가 보이고, 체크 시 연구소를 거치지 않고 완료된다
A9: 8 | B9: 1차검토 | C9: 검수 생략 완료 — 사유 필수 | D9: 1차검토중 건, 파일 있음 | E9: [연구소 검수 생략하고 완료 처리] 펼치기 → 사유를 비운 채 제출 | F9: 완료되지 않고 사유 입력을 요구한다
A10: 9 | B10: 1차검토 | C10: 검수 생략 완료 — 정상 | D10: 1차검토중 건, 파일 있음 | E10: 사유를 입력하고 [완료 처리] 클릭 | F10: 상태가 완료로 바뀌고, 현재 파일이 최종 승인본으로 등록된다
A11: 10 | B11: 1차검토 | C11: 검수 생략 시 연구소 통보 | D11: 위 항목 수행 직후 | E11: 연구소 계정(hjcho)의 알림함 확인 | F11: 검수 없이 완료되었다는 알림과 사유가 전달되어 있다
A12: 11 | B12: 1차검토 | C12: 검수 생략 이력 기록 | D12: 위 항목 수행 직후 | E12: 해당 건 상세 페이지의 이력 확인 | F12: "연구소 검수 없이 완료 처리"와 입력한 사유가 남아 있다
A13: 12 | B13: 최종검수중 | C13: 직접 반려 | D13: 최종검수중 건 | E13: [반려] 펼치기 → 사유 입력 → 제출 | F13: 상태가 1차검토중으로 되돌아가고 사유가 이력에 남는다
... A23: 22 | B23: 일괄 다운로드 | C23: zip + 목록 | D23: 최종 승인본이 있는 품목이 여러 개 | E23: [일괄 다운로드]에서 품목을 골라 내려받기 | F23: zip 안에 파일들과 manifest.csv(이력 목록)가 함께 들어 있다
B25: ※ 박현경 팀장(isis9) 계정으로 수행합니다. 부재중 항목은 김신덕 본부장(shindeok_kim) 계정도 함께 필요합니다.

Sheet 디자인팀
A1: No | B1: 화면 / 구분 | C1: 테스트 항목 | D1: 사전 조건 | E1: 수행 절차 | F1: 기대 결과 | G1: 결과 | H1: 실제 현상 · 의견 | I1: 확인일
A2: 1 | B2: 대시보드 | C2: 배정된 건만 표시 | D2: 디자인수정중 건이 있다 | E2: 대시보드 목록 확인 | F2: 디자인수정중 건만 보이고, [지시자] 열에 수정을 요청한 담당자가 표시된다
A3: 2 | B3: 요청 상세 | C3: 수정 지시사항 확인 | D3: 디자인수정중 건 | E3: 요청번호 클릭 → 이력(타임라인) 확인 | F3: 박현경 팀장이 남긴 수정 지시사항이 그대로 보인다
A4: 3 | B4: 요청 상세 | C4: 참고 파일 다운로드 | D4: 참고 파일이 첨부된 건 | E4: 이력의 "수정 요청" 항목에서 [참고 파일 다운로드] 클릭 | F4: 파일이 정상 다운로드되고 파일명이 깨지지 않는다
A5: 4 | B5: 파일 업로드 | C5: AI+이미지 업로드 | D5: 디자인수정중 건, 수정 파일 준비 | E5: AI 파일과 이미지 파일을 각각 선택하고 수정 내용 입력 후 [수정 파일 업로드] | F5: 새 버전(v2, v3…)으로 기록되고 상태가 1차검토중으로 돌아간다
A6: 5 | B6: 파일 업로드 | C6: 한쪽만 첨부 시 차단 | D6: 디자인수정중 건 | E6: AI 파일만 선택하고 업로드 시도 | F6: 제출이 막히고 두 파일 모두 필요하다는 안내가 뜬다
A7: 6 | B7: 파일 업로드 | C7: PDF 업로드 | D7: PDF 파일 준비 | E7: 이미지 자리에 PDF를 선택해 업로드 | F7: 정상 등록되고 PDF 첫 페이지가 미리보기 이미지로 자동 생성된다
A8: 7 | B8: 파일 업로드 | C8: PNG·GIF 업로드 | D8: PNG 또는 GIF 준비 | E8: 이미지 자리에 PNG/GIF를 선택해 업로드 | F8: JPG가 아니어도 정상 등록된다
A9: 8 | B9: 파일 업로드 | C9: 잘못된 파일 차단 | D9: 이미지가 아닌 파일(예: txt) 준비 | E9: 이미지 자리에 txt 파일을 선택해 업로드 | F9: 거부되고 올바른 형식을 올리라는 안내가 뜬다
A10: 9 | B10: 디자인 반려 | C10: 사유 필수 | D10: 디자인수정중 건 | E10: [디자인 반려] 펼치기 → 사유를 비운 채 제출 | F10: 반려되지 않고 사유 입력을 요구한다
A11: 10 | B11: 디자인 반려 | C11: 반려 처리 | D11: 디자인수정중 건 | E11: 사유 입력 후 [반려하고 1차검토로 되돌리기] | F11: 상태가 1차검토중으로 돌아가고 사유가 이력에 남는다
A12: 11 | B12: 권한 | C12: 검수 버튼 미노출 | D12: 디자인수정중 건 | E12: 처리 영역 확인 | F12: 승인·최종검수요청 등 다른 역할의 버튼은 보이지 않는다
B14: ※ 최효진 차장(guychj) 계정으로 수행합니다. 디자인수정중 건이 없으면 브랜드기획팀에 수정요청을 먼저 요청하세요.

Sheet 연구소
A1: No | B1: 화면 / 구분 | C1: 테스트 항목 | D1: 사전 조건 | E1: 수행 절차 | F1: 기대 결과 | G1: 결과 | H1: 실제 현상 · 의견 | I1: 확인일
A2: 1 | B2: 대시보드 | C2: 검수 대기 건만 표시 | D2: 최종검수중 건이 있다 | E2: 대시보드 목록 확인 | F2: 최종검수중 건만 보인다
A3: 2 | B3: 요청 상세 | C3: 검수 대상 파일 확인 | D3: 최종검수중 건 | E3: [현재 파일]에서 AI·JPG 다운로드, 미리보기 확대로 표시사항 확인 | F3: 파일이 정상 다운로드되고, 확대 팝업으로 작은 글씨까지 확인된다
A4: 3 | B4: 처리 영역 | C4: 승인과 되돌리기 분리 | D4: 최종검수중 건 | E4: 처리 영역 구성 확인 | F4: [승인]은 사유 없이 별도 카드로, [수정 필요(경미)]·[반려]는 사유 입력란이 있는 다른 카드로 나뉘어 있다
A5: 4 | B5: 승인 | C5: 최종 승인 | D5: 최종검수중 건 | E5: [승인] 클릭 | F5: 상태가 전달대기로 바뀌고, 파일이 최종 승인본으로 잠기며 브랜드기획팀에 알림이 간다
A6: 5 | B6: 반려 | C6: 사유 필수 확인 | D6: 최종검수중 건 | E6: 사유를 비운 채 [반려] 클릭 | F6: 반려되지 않고 사유 입력을 요구한다
A7: 6 | B7: 반려 | C7: 반려 처리 | D7: 최종검수중 건 | E7: 사유 입력 후 [반려] | F7: 상태가 1차검토중으로 돌아가고 사유가 담당자 전원에게 전달된다
A8: 7 | B8: 수정필요 | C8: 수정 필요(경미) | D8: 최종검수중 건 | E8: 사유 입력 후 [수정 필요(경미)] | F8: 상태가 1차검토중으로 돌아가고 이력에 경미 수정으로 기록된다
A9: 8 | B9: 첨부 | C9: 수정사항 자료 첨부 | D9: 최종검수중 건, 첨부 파일 준비 | E9: 사유 입력 후 [수정사항 자료]에 파일 선택 → 반려 또는 수정필요 제출 | F9: 이력에 첨부가 남는다
A10: 9 | B10: 첨부 | C10: 첨부 공유 확인 | D10: 위 항목 수행 직후 | E10: 박현경(isis9) 또는 최효진(guychj) 계정으로 해당 건 이력에서 첨부 다운로드 | F10: 올린 파일을 다른 담당자가 그대로 내려받을 수 있다
A11: 10 | B11: 알림 | C11: 검수 생략 통보 수신 | D11: 브랜드기획팀이 검수 생략 완료를 수행 | E11: 알림함 확인 | F11: 연구소 검수 없이 완료되었다는 알림과 사유가 도착해 있다
A12: 11 | B12: 권한 | C12: 전달·완료 버튼 미노출 | D12: 전달대기 건 | E12: 전달대기 건 상세 확인 | F12: 전달·완료 처리는 브랜드기획팀 권한이므로 이 계정에는 보이지 않는다
B14: ※ 조현종 소장(hjcho) 계정으로 수행합니다. 최종검수중 건이 없으면 브랜드기획팀에 검수요청을 먼저 요청하세요.

Sheet 관리자
A1: No | B1: 화면 / 구분 | C1: 테스트 항목 | D1: 사전 조건 | E1: 수행 절차 | F1: 기대 결과 | G1: 결과 | H1: 실제 현상 · 의견 | I1: 확인일
A2: 1 | B2: 관리자 메뉴 | C2: 메뉴 노출 | D2: nousbo 계정으로 로그인 | E2: 상단 메뉴 확인 | F2: 품목 마스터 일괄 등록 · 테스트 데이터 초기화 · 데모 데이터 시드가 추가로 보인다
A3: 2 | B3: 품목 관리 | C3: 품목 마스터 일괄 등록 | D3: 품목 엑셀 파일 준비 | E3: [품목 마스터 일괄 등록]에서 파일 업로드 | F3: 품목이 등록·갱신되고 처리 결과 건수가 안내된다
A4: 3 | B4: 데모 데이터 | C4: 데모 데이터 시드 | D4: - | E4: [데모 데이터 시드] 실행 | F4: 데모 계정과 샘플 품목이 생성된다 (기존 데이터는 유지)
A5: 4 | B5: 데이터 초기화 | C5: 테스트 데이터 초기화 | D5: ⚠ 실제 데이터가 지워짐 — 테스트 종료 후에만 | E5: [테스트 데이터 초기화] 실행 | F5: 발주 건·이력·알림·품목·파일이 초기화되고 계정은 유지된다
A6: 5 | B6: AI 비서 | C6: 연결 진단 화면 | D6: nousbo 계정 | E6: AI 비서 화면 하단 [연결 진단] 클릭 | F6: API 키 설정 여부, 설정된 모델, 사용 가능한 모델 목록이 표시된다
A7: 6 | B7: AI 비서 | C7: 실제 호출 테스트 | D7: 연결 진단 화면 | E7: [지금 테스트 호출하기] 클릭 | F7: 성공 시 답변이, 실패 시 원인(사용량 초과·키·모델명)이 구체적으로 표시된다
A8: 7 | B8: 관리 도구 | C8: Django 관리자 | D8: nousbo 계정 | E8: /admin/ 접속 | F8: 담당자 프로필(이메일·휴대폰번호·부재중·대체자)을 조회·수정할 수 있다
B10: ※ 허동혁 매니저(nousbo) 계정으로 수행합니다. 데이터 초기화는 테스트가 모두 끝난 뒤에 실행하세요.

Sheet 통합시나리오
A1: No | B1: 화면 / 구분 | C1: 테스트 항목 | D1: 사전 조건 | E1: 수행 절차 | F1: 기대 결과 | G1: 결과 | H1: 실제 현상 · 의견 | I1: 확인일
A2: 1 | B2: S1 정상 흐름 | C2: 등록 → 완료까지 한 바퀴 | D2: 진행중인 건이 없는 품목 | E2: ① haon 등록 → ② isis9 최종 검수요청 → ③ hjcho 승인 → ④ isis9 전달·완료 | F2: 각 단계마다 다음 담당자에게 알림이 가고, 최종 상태가 완료가 된다
A3: 2 | B3: S2 디자인 루프 | C3: 수정 요청 후 재검토 | D3: S1과 다른 품목 | E3: ① haon 등록 → ② isis9 디자인 수정요청 → ③ guychj 파일 업로드 → ④ isis9 최종 검수요청 → ⑤ hjcho 승인 → ⑥ isis9 전달·완료 | F3: 파일 버전이 v2로 올라가고, 진행 흐름의 [디자인수정] 단계가 완료로 채워진다
A4: 3 | B4: S3 연구소 반려 | C4: 반려 후 되돌아오기 | D4: 최종검수중 건 | E4: ① hjcho 사유+자료 첨부해 반려 → ② isis9 이력에서 첨부 확인 → ③ 디자인 수정요청 → ④ guychj 재업로드 | F4: 상태가 1차검토중으로 돌아오고, 반려 사유와 첨부가 이력에 남아 후속 담당자가 바로 확인한다
A5: 4 | B5: S4 검수 생략 | C5: 연구소 없이 완료 | D5: 1차검토중 건 | E5: ① isis9 [연구소 검수 생략하고 완료 처리]에 사유 입력 후 완료 → ② hjcho 알림 확인 | F5: 완료 처리되고 파일이 최종 승인본이 되며, 연구소에도 통보된다
A6: 5 | B6: S5 취소 | C6: 요청자 취소 / 창구 반려 | D6: 진행중인 건 2건 | E6: ① haon 본인 건 취소(사유) → ② isis9 다른 1차검토중 건 요청 취소(사유) | F6: 두 건 모두 취소됨으로 종료되고 [완료·취소 이력]에서 검색된다
A7: 6 | B7: S6 부재중 대체 | C7: 대체 담당자 처리 | D7: - | E7: ① isis9 부재중 설정 → ② haon 새 건 등록 → ③ shindeok_kim 로그인해 처리 | F7: 대체 담당자 대시보드에 건이 뜨고 알림도 함께 수신되며, 대신 처리할 수 있다
A8: 7 | B8: S7 일괄 이관 | C8: 기존 파일 일괄 등록 | D8: AI+이미지 쌍 파일 준비 | E8: ① isis9 일괄 업로드(품목·승인자·승인일·사유 입력) → ② 완료·취소 이력에서 확인 → ③ 일괄 다운로드 | F8: 완료 상태 건이 자동 생성되어 이력에 나타나고, zip으로 다시 내려받을 수 있다
B10: ※ 여러 계정을 번갈아 로그인하며 실제 업무 흐름 그대로 처음부터 끝까지 수행하는 항목입니다.

Sheet 결함기록
A1: No | B1: 발견일 | C1: 발견자 | D1: 화면 / 기능 | E1: 어떻게 하면 다시 나타나는지 (재현 절차) | F1: 기대한 동작 | G1: 실제 동작 | H1: 심각도 | I1: 처리 상태 | J1: 비고
A2: 1 | C2: (예시) 이정인 | D2: 발주요청 등록 | E2: 요청사항을 비운 채 [요청 등록]을 누름 | F2: 사유 입력 안내가 떠야 함 | G2: 아무 반응 없이 등록됨 | H2: 높음 | I2: 접수 | J2: 2026-08-27 확인
A3: 2
A4: 3
A5: 4
A6: 5
A7: 6
A8: 7
A9: 8
A10: 9
A11: 10
A12: 11
A13: 12
A14: 13
... A41: 40

Sheet 진행현황
A1: 시트 | B1: 전체 | C1: 정상 | D1: 실패 | E1: 부분 | F1: 해당없음 | G1: 미확인 | H1: 진행률
A2: 공통 | B2: =COUNTA('공통'!A:A)-1 | C2: =COUNTIF('공통'!G:G,"정상") | D2: =COUNTIF('공통'!G:G,"실패") | E2: =COUNTIF('공통'!G:G,"부분") | F2: =COUNTIF('공통'!G:G,"해당없음") | G2: =B2-C2-D2-E2-F2 | H2: =IFERROR((B2-G2)/B2,0)
A3: 요청자 | B3: =COUNTA('요청자'!A:A)-1 | C3: =COUNTIF('요청자'!G:G,"정상") | D3: =COUNTIF('요청자'!G:G,"실패") | E3: =COUNTIF('요청자'!G:G,"부분") | F3: =COUNTIF('요청자'!G:G,"해당없음") | G3: =B3-C3-D3-E3-F3 | H3: =IFERROR((B3-G3)/B3,0)
A4: 브랜드기획팀 | B4: =COUNTA('브랜드기획팀'!A:A)-1 | C4: =COUNTIF('브랜드기획팀'!G:G,"정상") | D4: =COUNTIF('브랜드기획팀'!G:G,"실패") | E4: =COUNTIF('브랜드기획팀'!G:G,"부분") | F4: =COUNTIF('브랜드기획팀'!G:G,"해당없음") | G4: =B4-C4-D4-E4-F4 | H4: =IFERROR((B4-G4)/B4,0)
A5: 디자인팀 | B5: =COUNTA('디자인팀'!A:A)-1 | C5: =COUNTIF('디자인팀'!G:G,"정상") | D5: =COUNTIF('디자인팀'!G:G,"실패") | E5: =COUNTIF('디자인팀'!G:G,"부분") | F5: =COUNTIF('디자인팀'!G:G,"해당없음") | G5: =B5-C5-D5-E5-F5 | H5: =IFERROR((B5-G5)/B5,0)
A6: 연구소 | B6: =COUNTA('연구소'!A:A)-1 | C6: =COUNTIF('연구소'!G:G,"정상") | D6: =COUNTIF('연구소'!G:G,"실패") | E6: =COUNTIF('연구소'!G:G,"부분") | F6: =COUNTIF('연구소'!G:G,"해당없음") | G6: =B6-C6-D6-E6-F6 | H6: =IFERROR((B6-G6)/B6,0)
A7: 관리자 | B7: =COUNTA('관리자'!A:A)-1 | C7: =COUNTIF('관리자'!G:G,"정상") | D7: =COUNTIF('관리자'!G:G,"실패") | E7: =COUNTIF('관리자'!G:G,"부분") | F7: =COUNTIF('관리자'!G:G,"해당없음") | G7: =B7-C7-D7-E7-F7 | H7: =IFERROR((B7-G7)/B7,0)
A8: 통합시나리오 | B8: =COUNTA('통합시나리오'!A:A)-1 | C8: =COUNTIF('통합시나리오'!G:G,"정상") | D8: =COUNTIF('통합시나리오'!G:G,"실패") | E8: =COUNTIF('통합시나리오'!G:G,"부분") | F8: =COUNTIF('통합시나리오'!G:G,"해당없음") | G8: =B8-C8-D8-E8-F8 | H8: =IFERROR((B8-G8)/B8,0)
A9: 합계 | B9: =SUM(B2:B8) | C9: =SUM(C2:C8) | D9: =SUM(D2:D8) | E9: =SUM(E2:E8) | F9: =SUM(F2:F8) | G9: =SUM(G2:G8) | H9: =IFERROR((B9-G9)/B9,0)
A11: ※ 각 시트의 [결과] 칸을 채우면 이 표가 자동으로 집계됩니다. 파일을 열 때 숫자가 갱신되지 않으면 F9를 눌러주세요.
